{
  "project_info": {
    "project_number": "572848674628",
    "firebase_url": "https://fir-sample-63695.firebaseio.com",
    "project_id": "fir-sample-63695",
    "storage_bucket": "fir-sample-63695.appspot.com"
  },
  "client": [
    {
      "client_info": {
        "mobilesdk_app_id": "1:572848674628:android:7037d8cbfa62ea8d",
        "android_client_info": {
          "package_name": "com.xsoft.samples.firebasesample"
        }
      },
      "oauth_client": [
        {
          "client_id": "572848674628-0e2deuc526bnm31p85sj5sd6eemdglhp.apps.googleusercontent.com",
          "client_type": 3
        }
      ],
      "api_key": [
        {
          "current_key": "AIzaSyAAZd0DWV_HTR1VYydNl1P2zyW2JB6R9FY"
        }
      ],
      "services": {
        "analytics_service": {
          "status": 1
        },
        "appinvite_service": {
          "status": 1,
          "other_platform_oauth_client": []
        },
        "ads_service": {
          "status": 2
        }
      }
    }
  ],
  "configuration_version": "1"
}